magnitude,cdi,mmi,tsunami,sig,nst,dmin,gap,depth,latitude,longitude
6.5,7,4,0,657,114,7.177,25,192.955,-13.8814,167.158
6.5,8,6,0,775,92,0.679,40,69.727,12.814,-88.1265
6.6,7,5,0,899,70,1.634,28,171.371,-38.1911,-70.3731
7.2,6,6,1,860,173,0.907,36,32.571,54.3844,-160.699
7.3,0,5,1,820,79,0.879451,172.8,21,54.49,-160.796
6.6,5,4,1,802,95,2.454,37,10,20.0196,-61.0955
6.9,4,4,1,741,136,1.179,23,229,-17.853,-174.937
7.2,8,6,1,804,85,2.59,24,167.404,-22.9824,-177.208
6.6,6,6,1,733,50,2.163,129,10,8.8894,-77.1231
7.1,3,4,1,777,98,2.812,56,35.981,-23.0622,170.456
7.7,5,4,1,927,277,3.111,15,18.027,-23.2286,170.694
7.6,8,6,1,907,111,3.631,17,210.097,-15.6002,-174.608
6.6,0,2,0,670,52,5.123,50,598.467,-25.2657,178.424
7.1,9,7,0,838,70,2.282,58,15.462,-0.781,98.5339
7.1,8,7,1,777,126,0.708,23,43.063,-30.0249,-177.897
6.7,0,3,1,691,166,4.719,10,595.854,-22.2844,179.391
7,5,3,0,818,131,1.881,31,594.028,-6.0255,112.033
6.5,7,6,1,655,104,0.266,30,105.631,52.7772,158.484
7,7,7,1,781,105,6.45,31,62.603,-4.2924,143.155
6.5,4,4,0,656,97,1.622,33,209.976,-23.4797,-66.5108
6.5,7,5,0,1350,134,2.53,13,187.589,36.5227,70.9787
6.8,9,7,1,1159,152,0.709,28,65.842,-2.851,-79.8001
7,8,5,1,756,116,1.789,22,22.065,-30.1147,-176.112
6.9,5,5,1,735,108,0.784,18,205.681,-29.4748,-178.787
6.5,7,6,1,653,66,5.483,45,10,-15.3597,166.385
6.5,4,2,1,652,115,2.739,20,598.925,-4.8138,149.487
6.8,9,7,0,737,128,1.783,20,20.522,38.0726,73.2077
7.5,9,9,0,1411,135,0.85,17,10,38.0235,37.203
6.7,9,8,0,800,108,0.218,44,14.497,37.4135,36.8306
7.8,9,9,0,2910,118,1.919,32,17.925,37.2012,36.9997
6.8,4,3,0,718,60,5.129,61,610.671,-26.7209,-63.0394
7,3,5,1,756,130,1.974,17,28.566,2.7401,127.051
7.6,5,7,0,957,114,1.575,21,105.249,-7.0852,130.039
7,8,7,1,768,116,6.096,36,29,-14.9383,166.878
6.8,5,5,1,720,152,2.587,26,38,-15.3983,-172.968
7,8,7,1,768,117,0.509,17,14,-9.7963,159.596
6.9,4,4,0,735,99,2.229,34,25,-4.9559,100.738
7,3,3,1,755,147,3.125,18,579,-20.0508,-178.346
7.3,5,5,1,833,149,1.865,21,37,-19.2918,-172.129
6.6,0,2,1,670,131,4.998,27,624.464,-25.5948,178.278
7,4,3,1,755,142,4.578,26,660,-26.0442,178.381
6.8,1,3,1,711,136,4.678,22,630.379,-25.9678,178.363
6.7,7,6,1,797,145,1.151,37,20,7.6712,-82.3396
6.8,8,7,1,1179,175,2.137,92,20,18.33,-102.913
7.6,9,8,1,1799,271,1.153,69,26.943,18.3667,-103.252
6.9,9,9,1,887,215,0.401,34,10,23.1444,121.307
6.5,7,7,1,756,178,0.43,54,10,23.029,121.348
7,7,5,1,761,192,2.977,45,137,-21.2077,170.239
7.6,8,8,1,965,272,3.158,12,116,-6.2237,146.471
6.6,9,8,0,1043,141,8.454,34,12,29.7263,102.279
6.6,7,6,1,672,68,5.293,34,30,-32.6922,-178.959
7,9,8,1,1351,152,5.276,22,33.729,17.5978,120.809
6.5,3,2,0,653,236,1.999,31,622.73,-9.0618,-71.1647
7.2,7,5,1,876,144,2.494,40,236,-14.8628,-70.3081
6.9,2,5,1,733,127,0.371,45,10,-54.1325,159.027
6.8,6,5,1,762,162,1.505,30,220,-23.6141,-66.7236
6.6,6,5,1,762,0,0.914,94,27,11.5538,-86.9919
7,6,4,1,763,0,2.705,26,10,-22.5732,170.349
6.9,6,4,1,738,0,2.697,42,10,-22.72,170.277
6.7,8,7,1,806,0,0.289,32,24,23.3421,121.636
7.3,9,8,1,2397,0,2.936,29,41,37.7015,141.587
6.7,9,6,0,708,0,2.188,43,28,-0.6831,98.6034
6.6,2,7,1,670,0,0.827,46,24,-30.0528,-177.74
6.8,2,3,1,712,0,5.78,12,535,-23.7852,-179.968
6.5,8,6,0,690,0,3.026,22,110,-4.455,-76.9395
6.5,7,4,1,651,0,1.088,57,8,-29.535,-176.729
6.6,8,6,0,785,0,2.418,22,33,-6.9291,105.251
6.5,0,3,1,650,97,1.61607,108,37,52.502,-168.08
6.5,0,3,1,650,23,0,208.8,37,52.502,-168.08
6.6,8,5,1,674,0,0.507,49,19,52.6252,-168.15
6.7,0,4,1,691,50,0.936943,126,33,52.48,-167.736
6.7,0,4,1,691,20,0,205.2,33,52.48,-167.736
6.8,7,6,1,730,0,0.92,61,20,52.6563,-167.917
6.6,6,6,0,976,0,1.168,21,21,35.1456,31.9095
6.6,9,8,0,1012,0,2.685,13,13,37.8167,101.299
7.3,8,7,0,921,0,3.713,19,165.49,-7.5924,127.581
7.3,9,5,1,854,0,1.025,32,14.27,-7.6033,122.2
7.5,8,8,1,1094,0,4.951,40,126,-4.4898,-76.8461
6.6,7,4,1,688,0,3.259,15,12,23.5414,126.48
6.9,8,6,1,995,0,0,0,51.6,56.2581,-156.492
6.9,4,3,1,740,0,4.778,31,535,-21.1704,174.54
7.3,4,4,1,826,0,4.493,32,527,-21.1036,174.895
6.5,7,5,1,684,0,0.993,114,21,12.1598,-87.8542
7,8,8,1,2504,0,0.07,43,20,16.9502,-99.7877
7.1,1,4,1,776,0,9.799,32,6,-60.3026,-24.9992
6.6,1,3,1,670,0,8.865,19,7,-60.1023,-24.4608
6.9,8,7,1,741,0,0.579,54,93,-14.892,167.085
6.9,6,4,1,734,0,8.363,48,16.7,-58.3814,-23.3318
7.2,9,8,1,2331,0,1.178,23,10,18.3521,-73.4804
6.9,5,4,1,738,0,0,0,33.3,55.2364,-157.707
6.9,5,4,1,738,0,1.173,36,20.74,55.2657,-157.68
8.1,0,7,0,1009,0,7.463,78,22.79,-58.4157,-25.3206
7.5,9,6,1,868,0,7.227,38,47.23,-57.5959,-25.1874
7.1,9,7,1,846,0,1.273,25,55.14,6.4547,126.742
8.2,8,6,1,1237,0,0.875,66,46.66,55.4742,-157.917
8.2,8,7,1,1252,0,0,0,35,55.3154,-157.829
6.7,8,5,1,935,0,8.139,12,110,13.6989,120.713
6.7,6,6,1,830,0,1.395,61,10,7.5904,-82.8813
6.5,0,4,1,650,0,7.994,24,25,-30.2144,-177.773
6.5,5,7,1,652,0,4.518,44,10,-16.4796,-177.356
7.3,9,9,0,1025,0,4.655,9,10,34.5861,98.2551
6.7,8,4,0,698,0,1.487,37,11,0.1684,96.6475
6.7,9,3,0,694,0,10.669,45,10,-17.2495,66.3745
6.9,7,6,1,919,0,2.619,35,43,38.2296,141.665
6.5,4,4,0,651,0,5.931,20,246,-21.6857,-177.064
6.5,6,4,0,652,0,10.405,19,301,-18.9204,-176.235
7,7,7,1,1052,0,2.378,35,43,38.4752,141.607
6.6,5,5,1,672,0,3.183,18,13.23,54.7018,163.208
6.5,0,4,0,650,0,11.764,25,24,-28.4792,-176.619
8.1,9,8,1,1021,0,0.739,21,28.93,-29.7466,-177.224
7.4,3,7,1,843,0,0.437,30,43,-29.6131,-177.842
7.3,7,6,1,932,0,0.918,24,10,-37.596,179.544
7.1,9,8,1,1612,0,3.085,11,43.98,37.6856,141.992
7.7,9,4,1,918,0,7.989,15,10,-23.2787,171.489
6.9,9,5,1,739,0,1.55,16,15,-61.8484,-55.559
7,7,5,1,802,0,2.821,15,80,5.0074,127.517
6.7,8,8,0,776,0,2.043,22,10,51.2407,100.443
6.7,5,5,1,776,0,1.319,19,10,-39.3264,-74.9067
7,8,7,0,1527,0,1.518,18,21,37.8973,26.7953
7.6,9,7,1,1165,0,0.23,36,28.37,54.662,-159.675
6.9,0,3,1,732,0,11.255,16,10,0.9604,-26.8332
6.5,6,6,0,674,0,0.388,49,16,-27.9285,-71.3937
6.8,6,7,1,824,0,0.312,69,21,-28.013,-71.1958
6.5,4,5,0,651,0,15.394,31,10,0.8696,-29.7046
6.9,4,3,0,749,0,2.267,20,624,-6.6704,123.493
6.9,4,4,0,735,0,1.716,25,26,-4.2791,101.215
6.8,5,4,0,716,0,1.816,34,22,-4.3724,101.095
6.6,9,8,1,784,0,5.128,14,10,12.0065,124.13
7.8,9,7,1,1111,0,0.621,60,28,55.1079,-158.477
7,6,7,1,820,0,1.671,18,73,-7.847,147.755
6.6,4,2,0,684,0,1.458,14,533.76,-5.6368,110.678
7.4,8,8,1,1494,0,0.151,30,20,15.9163,-95.9533
7.4,7,7,1,873,0,4.035,23,10,-33.2938,-177.838
6.6,5,4,1,734,0,2.015,18,165,28.9386,128.262
6.8,6,6,1,835,0,1.164,21,112,-23.2966,-68.4204
6.5,7,8,0,1320,27,0.357,55.79,2.7,38.1689,-117.85
6.6,4,6,1,671,0,3.403,12,107,-12.0662,166.648
6.8,4,6,0,738,0,1.921,16,96,-6.7762,129.785
6.5,7,6,0,678,0,1.293,19,10,34.1818,25.7101
6.5,8,8,0,1410,0,0.885,31,12.06,44.4646,-115.118
7.5,6,5,1,879,0,4.109,12,57.8,48.9638,157.695
7,5,6,1,770,0,4.501,25,143,45.6161,148.959
7.7,9,6,1,1812,0,1.657,26,14.86,19.4193,-78.756
6.7,8,9,0,1247,0,0.87,49,10,38.4312,39.0609
6.8,9,7,1,825,0,0.546,39,18,6.6969,125.174
7.1,6,6,1,799,0,1.271,11,33,1.6213,126.416
6.5,0,2,0,650,0,4.765,25,577,-21.9449,-179.511
6.6,4,4,1,673,0,5.086,48,10,-18.5747,-175.272
6.5,9,7,1,733,0,0.428,19,10,6.9098,125.178
6.6,9,7,1,780,0,0.646,24,15,6.7567,125.008
6.7,7,6,1,844,0,1.269,98,11,-35.4758,-73.163
6.5,7,7,1,656,0,3.909,15,12.26,-3.4528,128.37
6.6,2,3,1,671,0,4.121,19,591,-20.3641,-178.57
6.6,0,4,1,670,0,12.896,19,16,-60.2152,-26.5801
6.9,4,6,0,875,0,2.839,23,49,-7.2822,104.791
6.8,6,6,1,947,0,0.817,35,25,-34.2364,-72.3102
6.6,0,4,1,670,0,6.024,30,181,-16.1985,167.998
7.2,7,7,1,809,0,1.504,38,18.98,-0.5858,128.034
6.6,5,5,0,791,0,2.978,32,10,-18.2242,120.358
6.9,7,5,0,747,0,1.205,21,35,0.5126,126.189
7.1,9,9,0,1646,77,0.04616,43,8,35.7695,-117.599
7.3,4,6,1,952,0,2.629,16,212,-6.4078,129.169
7.3,8,6,1,830,0,1.402,11,46,-30.6441,-178.1
6.6,7,6,1,886,0,1.193,22,57.92,13.1994,-89.3056
8,9,8,1,1890,0,3.18,17,122.57,-5.8119,-75.2697
7.6,7,7,1,929,0,0.453,16,10,-4.051,152.597
7.1,7,6,1,826,0,2.514,16,146,-6.9746,146.449
6.8,5,6,1,717,0,0.791,28,15.46,-1.8146,122.58
6.5,0,5,1,650,0,7.568,18,38,-58.6262,-25.304
7,7,4,1,869,0,2.501,42,267,-14.7131,-70.1546
7.5,7,7,1,1145,0,2.045,15,145,-2.1862,-77.0505
6.7,6,6,1,909,0,0.289,43,66,14.6802,-92.4527
6.7,0,3,0,691,0,7.527,17,13,-43.1219,42.3568
6.7,8,8,1,1600,0,0.173,22,63,-30.0404,-71.3815
6.6,5,4,1,671,0,7.818,18,35,-13.336,166.875
6.6,2,4,1,672,0,1.596,33,43.21,2.258,126.758
6.8,3,3,0,715,0,1.181,16,570.41,-8.144,-71.587
7,5,5,1,803,0,1.769,21,60.21,5.8983,126.921
7.3,3,7,1,822,0,4.126,23,16.56,55.0999,164.699
7.1,0,5,1,776,0,7.043,20,133,-58.5446,-26.3856
6.6,0,4,1,670,0,2.679,31,10,-22.0629,169.733
7.5,3,6,1,871,0,2.405,18,10,-21.9496,169.427
7.1,8,8,1,1790,0,0,0,46.7,61.3464,-149.955
6.8,0,3,1,711,0,2.879,39,540,-17.8735,-178.927
6.7,3,4,1,693,0,7.853,19,10,71.6312,-11.2431
6.8,8,7,0,954,0,2.268,15,14,37.5203,20.5565
6.5,2,4,0,655,0,1.692,68,10,49.297,-129.724
6.8,4,4,1,776,0,1.505,36,10,49.3346,-129.289
6.5,3,4,1,669,0,1.611,63,10,49.2586,-129.412
6.5,0,4,1,650,0,2.109,22,17,-21.7427,169.522
6.7,0,3,1,691,0,2.705,17,461,52.8549,153.243
6.5,0,4,1,650,0,3.923,14,20,49.2902,156.297
7,6,6,1,758,0,1.778,18,39,-5.7012,151.205
6.7,2,3,1,691,0,3.745,23,550,-18.3604,-178.063
7.5,8,8,0,2026,0,1.649,13,20,-0.2559,119.846
6.5,4,1,0,651,0,5.139,18,576,-25.415,178.199
6.9,3,4,0,735,0,2.785,18,115,-31.7447,-179.373
6.5,3,6,1,651,0,1.638,25,68,-10.0207,161.503
7.9,7,4,1,979,0,1.431,12,670.81,-18.4743,179.35
6.6,8,9,1,1075,0,1.13,32,35,42.6861,141.929
7.1,2,5,1,776,0,2.548,23,21.43,-22.0295,170.126
7.1,0,3,0,776,0,3.77,12,630,-11.0355,-70.8284
6.5,6,7,1,652,0,4.797,10,9,-16.0315,168.143
7.3,8,6,1,1570,0,1.822,15,146.82,10.7731,-62.9019
6.9,7,7,0,1206,0,2.453,31,21,-8.319,116.627
8.2,5,4,1,1050,0,3.63,13,600,-18.1125,-178.153
6.5,5,3,0,743,0,2.719,23,529,-7.3718,119.802
6.5,6,6,1,655,0,0.576,22,33.93,51.4234,-178.026
6.9,9,8,0,1704,0,2.271,15,34,-8.2581,116.438
6.9,7,8,1,1392,63,0.11,210,5.81,19.3182,-155
6.8,5,3,0,733,0,5.32,16,559,-20.6588,-63.0058
6.9,9,6,1,741,0,1.487,18,35,-5.5321,151.5
6.7,5,6,1,696,0,1.507,15,40,-5.5024,151.402
6.8,6,6,1,719,0,1.049,16,22.86,-4.3762,153.2
6.7,8,7,1,697,0,5.457,19,20.49,-6.3043,142.612
7.5,9,8,1,943,0,5.48,17,25.21,-6.0699,142.754
7.2,7,7,1,1384,0,0.142,82,22,16.3855,-97.9787
7.9,9,4,1,1870,0,2.585,30,14.06,56.0039,-149.166
7.1,9,7,1,1075,0,4.29,23,39,-15.7675,-74.7092
7.5,8,5,1,1623,0,4.581,12,19,17.4825,-83.52
6.5,8,7,0,998,0,2.365,28,90,-7.4921,108.174
6.5,1,5,1,651,0,17.654,23,17,-54.2189,2.1628
7,4,6,1,771,0,0.617,14,10,-21.3246,168.671
6.6,4,5,1,676,0,0.529,21,13,-21.5027,168.598
6.5,8,8,1,1153,0,0.225,37,19.36,9.5147,-84.4865
7.3,8,9,0,2790,0,0.284,33,19,34.9109,45.9592
6.5,6,5,1,661,0,4.449,10,110.57,-4.2433,143.485
6.8,5,5,1,727,0,4.852,21,10,-15.3197,-173.168
6.6,3,5,1,674,0,0.788,29,22,-21.6484,168.859
6.7,3,4,1,691,0,1.062,55,24,-21.6971,169.148
6.7,3,3,0,694,0,1.634,16,553.81,-7.2168,123.074
6.5,3,5,1,651,0,1.154,11,119,52.3909,176.769
7.1,9,8,0,1686,0,0.984,23,48,18.5499,-98.4887
8.2,9,7,1,2910,0,0.944,22,47.39,15.0222,-93.8993
6.5,5,7,0,707,0,11.411,22,9,33.1926,103.855
6.6,7,7,0,1064,0,0.913,16,7,36.9293,27.4139
7.7,8,7,1,918,0,3.564,13,10,54.4434,168.857
6.6,5,4,1,704,0,3.773,37,10,-49.4837,164.016
6.5,9,8,1,740,0,4.139,30,9,11.1269,124.629
6.8,6,6,1,1034,0,1.065,38,38.12,13.7174,-90.9718
6.9,8,6,1,1188,0,0.247,35,93,14.9091,-92.0092
6.8,0,4,1,711,0,2.308,12,5,54.0312,170.92
6.6,7,7,0,678,0,2.353,18,12,-1.2923,120.431
6.5,0,4,1,650,0,6.489,17,15,-56.414,-25.7432
6.8,6,5,1,713,0,7.495,19,169,-14.5884,167.377
6.9,9,6,1,814,0,1.636,14,26,5.5043,125.066
6.9,9,7,1,1642,0,0.356,39,28,-33.0375,-72.0617
6.5,7,8,0,1297,0,2.36,15,29,-22.6784,25.1558
6.6,6,7,1,671,0,4.591,14,17,56.9401,162.786
6.9,2,3,1,733,0,6.012,19,414.5,-23.2593,-178.804
6.5,3,3,0,653,0,4.242,14,595.98,-19.2814,-63.9047
6.5,8,7,1,718,0,2.822,36,15,9.9071,125.452
7.9,9,7,1,987,0,3.625,9,135,-6.2464,155.172
6.5,6,6,1,654,0,1.64,21,36,-10.3506,161.335
7.3,6,3,1,849,0,3.813,18,627.17,4.4782,122.617
6.9,6,4,1,742,0,2.495,13,12,-19.3733,176.052
7.6,9,8,1,1152,0,0.355,29,38,-43.4064,-73.9413
6.7,5,5,0,726,0,3.38,17,152,-7.5082,127.921
7.9,9,7,1,972,0,1.389,13,94.54,-4.5049,153.522
6.9,8,6,1,737,0,1.747,26,19.73,-10.749,161.132
6.5,0,5,0,650,0,1.937,18,12.26,-10.8416,161.314
7.8,9,8,1,961,0,1.836,13,40,-10.6812,161.327
6.6,5,4,1,1120,0,1.405,55,8.45,40.4535,-126.194
6.5,9,8,0,731,0,0.778,27,13,5.2834,96.1678
6.6,8,7,0,693,0,1.697,20,17,39.2732,73.9776
6.9,5,4,1,855,0,1.796,20,10,11.9097,-88.8968
6.9,9,6,1,1144,0,0.671,10,9,37.3931,141.387
6.5,7,7,1,664,0,0.283,56,9,-42.6058,173.254
6.5,6,7,1,656,0,0.135,58,10,-42.3205,173.669
7.8,9,9,1,1545,0,0.481,21,15.11,-42.7373,173.054
6.6,9,8,0,2840,0,0.174,25,8,42.8621,13.0961
6.6,3,3,0,677,0,2.022,16,614,-4.8626,108.163
6.8,3,6,1,716,0,3.727,11,42,-6.0033,148.887
6.9,2,3,1,733,0,4.051,9,596.4,-19.7819,-178.244
7,5,6,1,897,0,0.698,21,19,-37.3586,179.146
6.8,4,3,1,713,0,0.803,12,476,-3.6849,152.792
6.8,6,6,0,981,0,1.802,17,82,20.9228,94.569
7.2,6,5,1,799,0,4.823,14,16.37,-22.4765,173.117
7.7,5,6,1,971,0,3.294,14,196,18.5429,145.507
6.6,4,6,0,671,0,2.435,16,50,-2.0967,100.665
7.2,1,6,1,798,0,5.803,24,78,-56.2409,-26.9353
6.9,3,3,1,733,0,5.485,19,405.69,-21.9724,-178.204
6.9,8,7,1,780,0,1.192,17,29.95,0.4947,-79.616
6.7,5,7,1,744,0,1.352,21,16,0.4261,-79.7899
7,7,7,1,755,0,0.616,14,24,-16.0429,167.379
7.8,9,9,1,1163,0,1.44,15,20.59,0.3819,-79.9218
7,9,9,1,2074,0,0.349,32,10,32.7906,130.754
6.9,6,6,0,903,0,3.001,14,136,23.0944,94.8654
6.6,6,4,0,738,0,0.789,17,212,36.4725,71.1311
6.7,7,5,1,692,0,6.787,25,27.59,-13.9805,166.594
6.7,7,6,1,691,0,6.697,19,24,-14.0683,166.624
6.9,7,6,1,734,0,1.166,25,26,-14.3235,166.855
7.8,4,3,0,948,0,7.009,20,24,-4.9521,94.3299
7.2,3,7,1,799,0,0.958,17,177,53.9776,158.546
7.1,7,7,1,1496,0,0,0,125.6,59.6204,-153.339
6.6,3,4,1,673,0,2.413,74,10,18.8239,-106.934
6.7,5,6,1,717,0,0.281,22,46,41.9723,142.781
6.5,3,6,1,651,0,3.144,22,13,3.8965,126.862
6.7,8,7,0,1515,0,1.794,16,55,24.8036,93.6505
6.6,8,6,1,765,0,0.41,35,85,15.8015,-93.633
6.9,8,5,0,738,0,2.979,14,21,-4.1064,129.508
7.2,4,7,0,827,0,1.116,18,22,38.2107,72.7797
6.7,2,3,0,691,0,2.033,19,602.75,-9.1825,-71.2574
7.6,5,4,0,896,0,2.852,10,620.56,-10.0598,-71.0184
7.6,6,5,1,957,0,3.287,10,606.21,-10.5372,-70.9437
6.8,5,6,1,715,0,1.599,19,12.59,-8.8994,158.422
6.5,7,7,0,1018,0,0,0,11,38.67,20.6
6.7,5,4,0,702,0,1.444,17,12,31.0009,128.873
6.9,5,6,0,744,0,0.821,43,10,-29.5097,-72.0585
6.9,6,6,1,761,0,0.784,32,12,-29.5067,-72.0068
6.6,7,4,0,675,0,2.792,31,10,6.8431,94.648
6.8,7,7,1,841,0,0.258,41,46,-30.8796,-71.4519
6.5,5,7,0,657,0,1.53,21,20,-8.3381,124.875
7.5,8,7,0,1448,0,0.622,18,231,36.5244,70.3676
7.1,6,6,1,780,0,0.592,11,135,-14.8595,167.303
6.6,7,7,0,671,0,2.486,13,18,-0.6212,131.262
6.6,5,7,1,820,0,1.064,14,35,-31.7275,-71.3792
6.7,5,7,0,718,0,0.853,35,23,-31.5173,-71.804
6.5,6,7,0,657,0,0.749,62,27,-31.4244,-71.6876
7,8,7,0,799,0,0.903,13,28.41,-31.5622,-71.4262
8.3,9,8,1,1960,0,0.684,19,22.44,-31.5729,-71.6744
6.7,5,5,1,708,0,1.256,123,10,24.913,-109.623
6.5,0,5,1,650,0,2.045,16,6.43,-9.3293,157.877
6.6,3,5,1,671,0,1.872,20,22,-9.3438,158.053
7,9,7,1,762,0,6.278,12,48,-2.6286,138.528
6.9,4,7,1,734,0,0.444,39,29,52.376,-169.446
7,8,6,1,759,0,5.205,22,11,-10.4012,165.141
6.5,4,4,1,686,0,1.218,20,20,13.8672,-58.5479
6.7,4,5,1,691,0,1.529,11,12,-9.307,158.403
6.5,3,4,0,652,0,2.277,11,460,27.7375,139.725
7.8,6,3,1,1151,0,1.675,12,664,27.8386,140.493
6.8,5,6,1,762,0,0,0,72.6,56.594,-156.43
6.8,1,5,1,711,0,3.619,18,10,-11.1093,163.215
6.9,1,4,1,732,0,4.024,22,11.19,-11.0559,163.696
6.8,1,4,1,711,0,4.395,15,11,-10.8759,164.169
6.8,8,6,1,831,0,1.422,8,35,38.9056,142.032
7.3,8,7,0,1563,0,0.677,11,15,27.8087,86.0655
7.1,1,6,1,776,0,3.835,11,10,-7.2175,154.557
7.5,7,8,1,869,0,1.295,22,55,-5.4624,151.875
6.8,5,6,1,714,0,1.074,23,44,-5.2005,151.777
6.7,5,6,1,692,0,1.239,12,31,-5.375,151.771
6.7,7,7,0,1016,0,0.727,13,22.91,27.7711,86.0173
6.6,8,7,0,733,0,1.778,16,10,28.2244,84.8216
7.8,8,9,0,2820,0,1.857,12,8.22,28.2305,84.7314
6.5,0,5,1,650,0,3.702,42,10,-15.8815,-178.6
6.5,2,5,1,650,0,4.629,36,11,-15.4994,-173.029
7.5,6,7,1,872,0,0.666,19,41,-4.7294,152.562
7,4,6,0,760,0,1.362,12,552.06,-7.2968,122.535
6.7,5,5,1,714,0,1.925,20,23,39.8558,142.881
6.7,4,6,1,700,0,2.11,16,223,-23.1125,-66.688
6.8,1,4,1,711,0,2.019,13,219.96,-17.0309,168.52
6.5,1,4,1,650,0,4.318,61,8,5.9045,-82.6576
6.6,7,6,1,709,0,2.485,43,20,7.9401,-82.6865
6.6,1,5,1,670,0,3.246,12,23,-6.5108,154.46
6.6,1,3,0,670,0,2.6,9,614,6.1572,123.126
6.8,6,5,1,713,0,1.421,19,39,1.9604,126.575
6.5,5,5,1,652,0,1.549,9,35,2.2999,127.056
6.7,7,4,1,698,0,1.079,25,22,-37.6478,179.662
7.1,4,6,1,779,0,1.397,18,45,1.8929,126.522
6.6,2,6,1,671,0,3.557,13,53.19,-5.9873,148.232
7.1,3,6,1,776,0,4.415,13,434,-19.6903,-177.759
7.3,8,6,1,982,0,1.078,18,40,12.5262,-88.1225
6.7,5,5,1,724,0,0.46,11,130,13.7641,144.429
6.8,6,6,1,741,0,4.107,18,101,-14.598,-73.5714
6.9,0,4,1,732,0,6.393,12,13,0.8295,146.169
6.9,0,6,1,732,0,3.934,15,615.42,-19.8015,-178.4
6.5,5,4,1,706,0,2.421,9,20,37.0052,142.452
6.9,8,7,1,1079,0,0.263,51,53,14.724,-92.4614
6.5,0,4,1,650,0,2.124,15,20,-6.2304,152.807
6.7,0,5,1,691,0,6.713,45,18,-14.9831,-175.51
6.9,0,5,1,732,0,4.838,25,8,-55.4703,-28.3669
7.9,6,8,1,963,0,0.133,22,109,51.8486,178.735
6.7,0,5,0,691,0,0.748,43,26.59,-29.9414,-177.607
6.5,0,5,0,650,0,0.778,30,10,-29.9379,-177.516
6.9,0,5,1,732,0,0.751,35,20,-29.9772,-177.725
6.9,9,7,0,951,0,0.402,25,6.43,40.2893,25.3889
6.5,7,5,1,694,0,3.121,33,10,7.2096,-82.3045
6.6,0,5,1,670,0,3.34,10,106,-21.4542,170.355
6.5,4,6,1,838,0,0,0,10,49.6388,-127.732
7.5,0,6,1,865,0,3.82,16,43.37,-6.7547,155.024
6.6,0,6,1,670,0,3.803,11,29,-6.6558,155.087
7.2,8,7,1,1017,0,2.25,46,24,17.397,-100.972
6.6,0,6,0,670,0,2.666,22,10,-11.1284,162.052
7.4,0,6,1,842,0,2.885,17,39,-11.4633,162.051
7.6,0,7,1,889,0,2.828,13,22.56,-11.2701,162.148
6.6,6,5,1,677,0,0.761,20,135,11.642,-85.8779
6.5,0,6,1,650,0,3.787,16,20,-6.7878,154.95
7.1,0,7,1,776,0,3.729,21,60.53,-6.5858,155.048
7.7,8,9,1,1057,0,1.029,44,22.4,-20.5709,-70.4931
6.5,7,7,0,670,0,0.828,82,24.07,-20.3113,-70.5756
6.9,0,5,0,732,0,0.828,119,28.42,-19.8927,-70.9455
8.2,9,8,1,1332,0,0.609,23,25,-19.6097,-70.7691
6.7,7,7,1,718,0,1.008,44,20,-19.9807,-70.7022
6.8,5,5,1,1211,112,0.6568,229,16.441,40.8287,-125.134
6.5,4,5,1,668,0,1.001,17,119,27.4312,127.367
6.5,5,4,1,681,0,1.635,30,14.83,14.6682,-58.9272
6.9,3,8,0,733,0,7.496,18,10,35.9053,82.5864
6.5,0,5,1,650,0,0.409,20,122,-15.0691,167.372
6.5,0,3,1,650,0,3.651,22,44.26,-32.9076,-177.881
6.5,0,4,1,650,0,3.997,14,187,-13.8633,167.249
6.5,3,4,0,651,0,5.194,22,371,-17.1171,-176.545
7.7,1,8,1,912,0,8.05,23,10,-60.2738,-46.4011
6.9,0,5,1,732,0,8.284,17,9.97,-60.2627,-47.0621
6.6,6,7,1,723,0,0.636,31,27,-30.2921,-71.5215
7.1,6,4,1,872,0,3.968,10,35,37.1557,144.661
6.6,8,5,1,692,0,1.98,44,9.45,26.0913,-110.321
6.8,0,6,1,711,0,5.79,9,35,-6.4456,154.931
7.1,9,8,1,1092,0,3.144,12,19.04,9.8796,124.117
6.6,5,6,0,691,0,1.984,40,40,35.5142,23.2523
6.7,0,3,0,691,0,2.958,11,573,53.1995,152.786
6.5,0,4,1,650,0,1.709,21,41.54,-30.9255,-178.323
6.8,7,7,0,1005,0,7.359,17,12,27.1825,65.5052
7.1,8,7,1,843,0,4.446,17,40,-15.8385,-74.5112
7.7,5,8,0,2015,0,7.241,17,15,26.951,65.5009
6.5,0,6,1,650,0,0.735,24,20,51.5573,-174.767
6.5,5,3,0,739,0,3.276,26,402,29.9377,138.833
6.5,4,5,0,668,0,3.097,11,112,-7.44,128.221
7,5,6,0,758,0,0.624,53,29,51.537,-175.23
6.5,9,7,1,690,0,0,0,8.2,-41.734,174.152
6.7,4,5,1,715,0,3.741,22,12,5.7732,-78.1999
6.5,6,7,1,693,229,0,20,17,-41.704,174.337
7.3,0,6,1,820,398,0,43,11,-60.857,-25.07
6.6,4,6,0,674,139,0,14,56,-6.029,149.706
7.3,0,4,1,820,117,0,24,385.5,-3.917,153.927
6.6,0,7,1,670,111,0,16,10,10.701,-42.594
6.5,5,6,1,679,698,0,27,30,11.763,-86.926
6.7,5,4,0,710,515,0,24,9,-10.004,107.236
6.7,0,3,1,691,217,0,25.2,624,52.235,151.444
8.3,5,5,1,1115,385,0,10,598.1,54.892,153.221
7.4,0,6,1,842,626,0,16,173.7,-23.009,-177.232
6.8,0,3,0,711,131,0,18,602.2,18.728,145.288
6.5,0,6,1,650,264,0,16.6,10,-3.898,152.127
6.6,8,8,0,2083,548,0,12.6,14,30.308,102.888
7.2,5,7,1,804,770,0,10.1,110,46.221,150.788
6.6,7,7,1,672,445,0,11,13,-3.214,142.542
7.7,8,8,0,1421,506,0,26.6,80,28.033,61.996
6.6,0,5,1,670,491,0,11.5,31,-6.475,154.607
7,3,7,1,755,640,0,11.4,66,-3.517,138.476
6.5,0,6,1,650,317,0,14.2,28,-6.598,148.174
6.5,3,6,0,651,480,0,20.7,29,50.958,157.408
6.9,5,6,1,736,531,0,20.7,41,50.954,157.283
6.6,0,7,1,670,697,0,15.3,11,67.631,142.508
6.6,0,6,1,670,421,0,16.6,18,-10.994,165.741
6.9,5,5,1,904,562,0,23.7,145,1.135,-77.393
7.1,9,6,1,780,334,0,16.5,21,-10.928,166.018
6.8,0,7,1,711,400,0,17.5,12,-10.838,165.969
6.7,0,6,1,691,387,0,26.5,11,-10.997,165.655
7,0,6,0,754,445,0,17.5,8.8,-10.499,165.588
7.1,0,5,0,776,550,0,18.4,10,-11.183,164.882
8,8,7,1,993,460,0,20.9,24,-10.799,165.114
6.9,6,7,0,814,686,0,28,107,42.77,143.092
6.8,6,7,0,771,596,0,19.3,45,-28.094,-70.653
7.5,6,6,0,1425,0,0,0,8.7,55.228,-134.859
6.7,0,4,0,691,521,0,13.7,200.7,-14.344,167.286
7.1,5,5,0,843,517,0,8.7,155,-6.533,129.825
7.3,6,5,0,1014,918,0,14.8,31,37.89,143.949
6.5,4,5,0,708,598,0,57.3,20,14.129,-92.164
6.8,7,6,0,795,391,0,13.7,13.7,23.005,95.885
7.4,8,7,0,1455,751,0,25.5,24,13.988,-91.895
7.8,8,7,0,1726,807,0,42.7,14,52.788,-132.101
6.5,6,6,0,745,691,0,34.4,17,10.086,-85.298
6.6,3,5,0,675,291,0,17.7,13,-4.892,134.03
7.3,7,6,0,1221,934,0,15.5,170,1.929,-76.362
7.6,8,7,0,1555,703,0,34.3,35,10.085,-85.315
7.6,8,5,0,1115,682,0,10.2,28,10.811,126.638
7.3,5,5,0,994,417,0,37,28,12.139,-88.59
6.6,4,5,0,678,497,0,14.6,91.1,2.19,126.837
7.7,7,4,0,941,862,0,13.8,583.2,49.8,145.064
6.5,5,6,0,653,576,0,11.7,41,-4.651,153.173
6.6,4,5,0,675,529,0,15.7,134.7,-18.685,-174.705
6.7,0,7,0,691,370,0,15.4,16,-1.617,134.276
6.8,6,5,0,732,597,0,12.6,198,-5.462,147.117
6.7,0,7,0,691,518,0,26.9,29,-32.625,-71.365
7,7,7,0,1000,474,0,95.9,13,28.696,-113.104
6.5,7,6,0,1171,599,0,54.1,20,18.229,-102.689
8.2,9,6,0,1213,341,0,14.9,25.1,0.802,92.463
8.6,9,7,0,2048,499,0,16.6,20,2.327,93.063
7.1,7,7,0,1496,553,0,15.2,40.7,-35.2,-72.217
6.6,6,6,0,709,640,0,10.1,118,-6.242,145.955
7.4,9,8,0,1752,672,0,37.9,20,16.493,-98.231
6.7,7,7,0,833,596,0,13.4,12,51.708,95.991
6.7,9,7,0,1551,572,0,11.1,11,9.999,123.206
7.1,5,5,0,793,573,0,12,23,-17.827,167.133
7.2,4,4,0,838,443,0,17,19,2.433,93.21
6.6,0,7,0,670,545,0,17.6,15,51.842,95.911
7.1,6,6,0,834,485,0,10.6,135,-7.551,146.809
6.5,8,7,0,1400,578,0,38.6,59,17.986,-99.789
6.9,6,7,0,847,474,0,46.5,24,-14.438,-75.966
7.1,9,9,0,1096,693,0,19.7,18,38.721,43.508
6.5,3,6,0,655,423,0,12.6,37,-6.57,147.881
6.9,8,8,0,1562,383,0,13,50,27.73,88.155
6.7,5,5,0,712,667,0,10.9,30,40.273,142.779
6.7,5,6,0,915,447,0,15.3,91,2.965,97.893
7,7,5,0,761,406,0,15.3,185.1,-20.671,169.716
7,6,6,0,913,471,0,26.9,147,-7.641,-74.525
7.1,5,6,0,787,564,0,12.3,28,-18.311,168.218
6.5,0,5,0,650,322,0,15,35,-18.308,168.156
7.2,8,6,0,813,280,0,18.4,32,-18.365,168.143
6.6,3,6,0,674,229,0,16.6,10,-3.518,144.828
7.6,3,7,0,893,567,0,33.5,17,-29.539,-176.34
6.7,6,6,0,749,592,0,24.9,33,39.955,142.205
6.8,4,5,0,734,519,0,12.5,11,-20.244,168.226
6.8,5,6,0,719,445,0,13,79,-10.375,161.2
6.6,7,7,0,822,586,0,10.1,11,37.001,140.401
7.1,8,8,0,1114,446,0,17.7,42,38.276,141.588
6.6,7,6,0,897,518,0,37.2,166.2,17.208,-94.338
6.9,7,9,0,1154,335,0,18.2,8,20.687,99.822
6.6,6,5,0,673,668,0,9.5,25.7,39.241,142.463
6.5,0,4,0,650,369,0,18.7,6.8,36.166,141.562
7.7,7,4,0,931,507,0,10.8,18.6,38.058,144.59
7.9,8,7,0,1140,163,0,48.4,42.6,36.281,141.111
9.1,9,8,0,2184,541,0,9.5,29,38.297,142.373
7.3,5,5,0,972,550,0,17.4,32,38.435,142.842
6.7,5,6,0,731,358,0,33.9,21,-35.38,-72.834
6.9,7,7,0,988,382,0,34.7,26,-36.422,-72.96
7.2,7,7,0,1449,372,0,25.3,68,28.777,63.951
7,2,5,0,755,578,0,13.3,9,-20.628,168.471
7.2,8,7,0,1054,397,0,30.1,24,-38.355,-73.326
7.3,0,5,0,820,409,0,12,16,-19.702,167.947
6.7,3,7,0,708,279,0,24.3,12,28.412,59.18
6.6,0,6,0,670,306,0,18.5,33,-6.001,149.977
7.8,4,7,0,946,379,0,23,20.1,-3.487,100.082
6.7,5,5,0,776,352,0,50.3,13,24.696,-109.156
7,8,5,0,772,271,0,15.1,26,-4.963,133.76
7,8,8,0,1245,365,0,15.8,12,-43.522,171.83
7.1,6,5,0,945,672,0,12.4,206.7,-1.266,-77.306
7.3,7,7,0,850,405,0,20.2,25,-17.541,168.069
7,4,6,0,757,396,0,12.7,44,-5.746,150.765
6.5,5,4,0,659,403,0,11.1,220,-5.486,146.822
7.6,5,3,0,902,340,0,15.1,578,6.497,123.48
7.3,8,7,0,831,397,0,18.2,35,-5.931,150.59
6.9,4,7,0,737,456,0,15.7,28,-5.966,150.428
6.6,6,7,0,753,295,0,52.8,22,-38.067,-73.31
6.7,5,6,0,696,392,0,18.7,35,-10.627,161.447
6.6,0,7,0,670,309,0,25,10.5,-2.329,136.484
7,3,7,0,755,307,0,18.1,18,-2.174,136.543
7.5,6,5,0,1144,514,0,18.6,35,7.881,91.936
7.2,5,6,0,804,327,0,11.7,31,-13.698,166.643
7.2,5,6,0,918,611,0,20.6,38,3.748,96.018
6.9,6,9,0,773,410,0,14.9,17,33.165,96.548
6.9,4,5,0,740,399,0,12.1,21,-10.878,161.116
7.8,0,7,0,936,352,0,19.2,31,2.383,97.048
7.2,9,9,0,2910,10,0.5137,239,9.987,32.2862,-115.295
6.6,5,6,0,701,413,0,16.7,34,13.667,92.831
6.7,5,6,0,856,312,0,34.7,18,-36.217,-73.257
6.5,6,5,0,810,491,0,27,32,37.745,141.59
7,7,7,0,874,403,0,17.1,18,-34.326,-71.799
6.9,7,7,0,1280,415,0,12.5,11,-34.29,-71.891
6.8,4,6,0,717,401,0,23.2,26,-3.762,100.991
6.6,7,7,0,736,255,0,27.8,18,-36.665,-73.374
6.5,0,4,0,650,426,0,18.7,176,-13.571,167.227
7.4,0,5,0,842,409,0,17.6,35,-37.773,-75.048
8.8,8,8,0,1991,454,0,17.8,22.9,-36.122,-72.898
7,6,6,0,1180,487,0,15.7,25,25.93,128.425
7,9,9,0,1623,500,0,22.7,13,18.443,-72.571
6.5,7,7,0,1360,51,0.3225,220,28.737,40.652,-124.692
6.8,3,6,0,713,338,0,15,15.4,-9.019,157.551
7.1,5,7,0,780,377,0,15,10,-8.783,157.354
6.6,5,7,0,672,282,0,16.6,10,-8.726,157.487
6.5,6,7,0,698,390,0,17.7,27,-19.394,-70.321
7.3,0,4,0,820,430,0,15,595,-17.239,178.331
6.6,7,6,0,677,305,0,20.4,18,-8.207,118.631
6.8,0,6,0,711,424,0,21.4,34,29.218,129.782
6.9,4,6,0,972,397,0,11,130,-6.133,130.385
6.8,0,5,0,711,174,0,30.2,35,-13.298,165.91
7.4,0,7,0,842,314,0,20.2,31.1,-13.093,166.497
7.8,0,6,0,936,195,0,20.3,35,-12.517,166.382
7.7,4,7,0,916,283,0,23.2,45,-13.006,166.51
6.6,7,7,0,787,417,0,30.1,9,-2.482,101.524
7.6,8,8,0,1639,498,0,14,81,-0.72,99.867
8.1,7,6,0,1055,520,0,20.8,18,-15.489,-172.095
7,7,7,0,1175,312,0,16.3,46,-7.782,107.297
6.7,5,6,0,753,369,0,14.9,20,-1.479,99.49
6.6,4,5,0,703,336,0,14.1,53,32.821,140.395
7.5,7,6,0,1248,303,0,18.2,24,14.099,92.902
7.1,5,4,0,1005,447,0,14.2,292,33.167,137.944
6.9,5,7,0,1202,243,0,35,10,29.039,-112.903
7.8,6,8,0,1165,434,0,16.8,12,-45.762,166.562
6.7,5,5,0,693,269,0,13.8,64,-5.157,153.782
7.3,7,8,0,1560,464,0,27.2,19,16.731,-86.217
7.6,7,5,0,916,504,0,14,31,-23.043,-174.66
7.2,3,7,0,802,432,0,18.6,20,3.886,126.387
7.4,7,7,0,846,314,0,21.1,23,-0.691,133.305
6.6,5,4,0,765,344,0,22.6,204.8,36.419,70.743
7.7,5,7,0,918,288,0,29.8,17,-0.414,132.885
7.4,9,7,0,848,365,0,33.7,30,1.271,122.091
6.7,5,6,0,731,481,0,28.6,24,14.423,-92.364
6.7,0,6,0,691,529,0,22.3,27.4,39.533,73.824
6.8,0,6,0,711,500,0,22.2,25,41.892,143.754
6.6,0,6,0,670,463,0,14.1,96,1.885,127.363
6.9,0,6,0,732,531,0,14.9,110,-13.501,166.967
6.7,4,7,0,692,325,0,28,12,30.901,83.52
6.8,8,7,0,1046,633,0,20.2,108,39.802,141.464
7,5,5,0,840,577,0,18.2,22,37.552,142.214
6.9,5,5,0,825,0,0,0,25.5,37.55,142.714
6.6,4,5,0,680,630,0,18.4,17,11.005,91.824
6.9,7,8,0,888,654,0,17.1,7.8,39.03,140.881
7.9,9,9,0,1870,774,0,11.3,19,31.002,103.322
6.9,5,5,0,910,519,0,21.1,27,36.164,141.526
7.3,0,6,0,820,486,0,13.4,33,-20.071,168.892
7.2,0,7,0,798,532,0,25.9,10,35.49,81.467
6.9,4,5,0,740,544,0,25.9,24,13.351,125.63
6.7,5,6,0,696,543,0,15.1,25,-2.245,99.808
6.6,4,6,0,674,421,0,17.7,25,-2.332,99.891
7.2,4,7,0,832,505,0,18.4,25,-2.486,99.972
6.5,4,6,0,654,429,0,28.3,22,-2.405,99.931
7.4,5,7,0,914,607,0,16.4,26,2.768,95.964
6.5,8,5,0,692,650,0,30.7,28,36.345,21.863
6.9,6,6,0,941,645,0,30.6,29,36.501,21.67
6.5,7,6,0,723,521,0,27.6,83,16.357,-94.304
6.6,7,6,0,808,461,0,18.8,20,-39.011,178.291
6.7,5,7,0,704,481,0,30.3,45,-22.954,-70.182
7.4,7,7,0,1542,663,0,13.4,156,14.944,-61.274
6.6,3,6,0,672,280,0,26.9,16,-10.95,162.149
6.5,5,7,0,653,272,0,27.6,18,-8.224,118.467
6.5,7,7,0,657,353,0,27.5,20,-8.292,118.37
6.8,6,6,0,722,341,0,15.9,53,-5.757,147.098
6.8,7,6,0,790,649,0,27,122.9,-2.312,-77.838
6.8,6,7,0,716,285,0,40.1,26,-22.925,-70.237
7.7,8,7,0,995,610,0,22.4,40,-22.247,-69.89
6.8,3,5,0,713,494,0,23.9,21,-3.899,101.02
6.8,4,7,0,744,338,0,19,18,-44.796,167.553
6.8,4,5,0,713,348,0,15.5,40,-4.99,153.5
6.7,3,5,0,696,503,0,26.9,30,-1.999,100.141
7,4,7,0,768,537,0,23.1,22,-2.13,99.627
6.5,0,5,0,650,409,0,26.2,28.9,-1.689,99.668
7.9,8,7,0,1133,446,0,29.1,35,-2.625,100.841
7.8,7,8,0,1152,0,0,0,40.5,-2.52,100.139
8.4,0,6,0,1086,411,0,32.3,34,-4.438,101.367
6.8,5,6,0,747,653,0,17.6,15,2.966,-77.963
7.2,0,5,0,798,312,0,21.3,35,-11.61,165.762
6.5,5,6,0,675,382,0,12.8,15,-9.834,159.465
8,9,8,0,1385,625,0,25.7,39,-13.386,-76.603
7.5,0,5,0,865,228,0,30.7,280,-5.859,107.419
7.2,7,7,0,803,494,0,20.4,120,-15.595,167.68
6.9,3,5,0,734,374,0,24.1,25,2.872,127.464
6.8,5,4,0,779,664,0,18.2,350.4,36.808,134.85
6.6,8,8,0,831,782,0,16.7,12,37.535,138.446
6.7,6,6,0,972,468,0,37.7,23,13.554,-90.618
6.9,0,7,0,732,305,0,15.3,10,-7.306,155.741
6.6,0,7,0,670,251,0,16,10,-7.169,155.777
8.1,9,8,0,1025,439,0,14.7,24,-8.466,157.043
6.7,7,8,0,782,493,0,23.9,8,37.336,136.588
7.1,3,6,0,779,426,0,25.3,34,-20.617,169.357
6.7,0,6,0,691,253,0,40.3,12,-1.034,126.976
7.5,6,5,0,874,570,0,21.6,22,1.065,126.282
8.1,4,5,0,1034,606,0,14,10,46.243,154.524
6.9,6,7,0,798,466,0,31.6,10,21.974,120.493
7.1,8,7,0,1023,744,0,29.1,10,21.799,120.547
8.3,4,7,0,1064,576,0,20.9,10,46.592,153.266
6.6,0,6,0,670,352,0,18.6,11,-6.482,151.195
6.7,5,6,0,732,444,0,53.4,23,-13.457,-76.677
6.7,5,6,0,692,533,0,15.6,32,-5.881,150.982
6.7,8,9,0,1481,43,0,124,38.182,19.877,-155.935
6.9,3,3,0,737,702,0,20.9,28,-16.592,-172.033
6.8,0,6,0,711,459,0,28.4,38,-6.759,155.512
6.5,0,6,0,650,700,0,47.4,43,51.148,157.522
6.8,5,5,0,713,551,0,26.2,150,-15.798,167.789
7.7,7,5,0,947,357,0,36.8,20,-9.284,107.419
6.5,0,6,0,650,477,0,20.3,34,-5.724,151.133
6.6,0,7,0,670,548,0,28,19,60.772,165.743
6.8,4,5,0,719,701,0,16.3,12,0.093,97.05
8,7,7,0,1013,626,0,20.7,55,-20.187,-174.123
8,8,9,0,1026,0,0,0,60.5,-19.99,-173.907
6.5,7,7,0,653,282,0,46.3,12,-27.211,-71.056
6.7,6,7,0,696,277,0,25.6,12,-27.017,-71.022
6.6,0,8,0,670,645,0,28.4,11,60.491,167.516
7.6,0,8,0,889,579,0,18.5,22,60.949,167.089
6.5,3,5,0,654,247,0,25.5,14,-16.527,176.989
6.7,0,7,0,691,306,0,21.3,30.1,-3.595,127.214
7,5,9,0,891,412,0,23.2,11,-21.324,33.583
6.7,7,6,0,934,769,0,19.7,66,36.311,23.212
6.6,7,6,0,703,323,0,48.2,14,28.164,-112.117
6.5,6,5,0,721,529,0,20.5,224.6,36.357,71.093
6.8,5,7,0,744,561,0,20,22,-6.224,29.83
6.5,4,5,0,683,464,0,48.8,29,38.089,142.122
6.5,3,6,0,651,358,0,20.7,21,2.164,96.786
6.8,0,6,0,711,509,0,30.1,147,-22.361,-67.895
7.6,9,9,0,1267,724,0,21.1,26,34.539,73.588
6.6,0,6,0,670,402,0,17.7,25,-5.437,151.84
7.5,8,7,0,1018,696,0,26.2,115,-5.678,-76.398
7.6,5,7,0,891,502,0,20,90,-4.539,153.474
7.2,7,7,0,1104,698,0,19.6,36,38.276,142.039
7.2,4,5,0,808,636,0,26.4,16,7.92,92.19
6.7,3,6,0,693,398,0,22.3,21,1.819,97.082
6.6,6,5,0,719,446,0,21.1,27,11.245,-86.172
7.2,5,4,0,1318,420,0,31.4,16,41.292,-125.953
7.8,8,7,0,1020,714,0,16.1,115.6,-19.987,-69.197
6.9,5,7,0,740,635,0,26,30,1.989,97.041
6.7,6,5,0,731,695,0,20.9,34,0.587,98.459
6.5,3,6,0,657,478,0,21.2,30,-1.714,99.779
6.7,5,6,0,717,656,0,21.2,19,-1.644,99.607
8.6,0,8,0,1138,510,0,22.1,30,2.085,97.108
6.6,8,7,0,805,401,0,22.9,10,33.807,130.131
7.1,0,5,0,776,569,0,18.1,201.7,-6.527,129.933
6.8,0,6,0,711,444,0,33.8,36,2.908,95.592
6.5,0,7,0,650,371,0,31.8,10,-5.562,122.129
6.5,3,5,0,652,286,0,47.3,39.7,4.756,126.421
6.7,0,4,0,691,457,0,30.2,206.3,-14.252,167.259
7.1,7,3,0,782,640,0,26.4,525,5.293,123.337
6.6,6,4,0,676,225,0,78.5,27.8,34.064,141.491
6.6,0,5,0,670,353,0,31.9,16.1,8.879,92.375
7.2,5,6,0,802,385,0,27.9,39.2,6.91,92.958
9.1,0,8,0,1274,601,0,22,30,3.295,95.982
8.1,0,5,0,1009,331,0,59.3,10,-49.312,161.345
6.8,5,6,0,858,639,0,21.8,10,18.958,-81.409
6.8,4,7,0,724,759,0,23.6,35,42.9,145.228
7,4,7,0,771,929,0,23.9,39,43.006,145.119
7.1,0,7,0,776,439,0,28.8,10,-3.609,135.404
7.1,5,5,0,782,585,0,14.7,10,-46.676,164.721
7.2,8,8,0,820,708,0,50.2,15,4.695,-77.508
7.5,5,7,0,870,301,0,33.8,10,-8.152,124.868
6.7,0,6,0,691,233,0,21.5,10,-11.128,162.208
6.7,7,4,0,703,459,0,37.3,10,49.277,-128.772
6.6,0,8,0,670,782,0,37,16,37.226,138.779
6.7,5,6,0,705,698,0,24.7,94,24.53,122.694
7,0,6,0,754,441,0,32.2,35,11.422,-86.665
6.5,5,5,0,665,526,0,18.3,105,13.925,120.534
6.8,0,6,0,711,545,0,15.7,36,-10.951,162.161
6.6,0,4,0,670,478,0,29.8,10,33.205,137.227
7.4,0,5,0,842,594,0,27.5,10,33.184,137.071
7.2,0,5,0,798,643,0,28.4,14,33.07,136.618
6.5,0,7,0,650,349,0,30.1,5,-35.173,-70.525
6.5,0,7,0,650,305,0,39,13.4,-0.443,133.091
6.9,0,5,0,732,798,0,31.2,188.6,55.682,160.003
6.6,0,7,0,670,282,0,46.9,21,-37.695,-73.406
6.7,0,5,0,691,386,0,27.6,65.8,-9.362,122.839
6.5,0,4,0,650,424,0,29.9,228.4,-13.174,167.198
6.6,0,4,0,670,728,0,18.3,187.1,36.512,71.029
6.7,0,7,0,691,256,0,33.3,25.7,-3.665,135.339
7.3,0,7,0,820,390,0,23,10,-4.003,135.023
7,0,7,0,754,367,0,33,16.6,-3.615,135.538
6.7,0,6,0,691,243,0,42.5,17.4,-3.12,127.4
7.3,0,4,0,820,235,0,46.6,10,-22.015,169.766
6.6,0,9,0,670,552,0,44.8,10,28.995,58.311
6.5,0,6,0,650,405,0,48.4,33,8.416,-82.824
6.5,7,9,0,1390,65,0.04685,71,8.382,35.7005,-121.101
6.8,0,7,0,711,447,0,27.7,10,23.039,121.362
6.6,0,6,0,670,384,0,25.1,35,-5.581,150.88
6.5,0,6,0,650,487,0,45.9,35,12.025,125.416
6.6,0,5,0,670,475,0,26.2,113.7,-19.262,168.892
7,0,5,0,754,568,0,61.2,10,37.812,142.619
6.7,0,6,0,691,556,0,55.4,32,42.648,144.57
6.7,0,7,0,691,643,0,24.5,10,50.211,87.721
6.5,0,5,0,650,586,0,71.3,25,42.45,144.38
7.3,0,7,0,820,667,0,24.5,16,50.038,87.813
7.4,0,7,0,842,514,0,78.8,33,41.774,143.593
8.16,0,9,0,1024,0,0,0,27,41.815,143.91
6.6,0,7,0,670,518,0,24.7,10,19.917,95.672
7.2,0,7,0,798,428,0,17.5,28,-45.104,167.144
7.6,0,6,0,889,315,0,25.2,10,-60.532,-43.411
6.5,0,6,0,650,156,0,31.4,33,-3.828,152.174
6.8,0,7,0,711,398,0,39.1,33,-30.608,-71.637
6.9,0,5,0,732,733,0,26.7,174.8,55.492,159.999
6.6,0,6,0,670,419,0,27.8,33,-5.095,152.502
7,0,6,0,754,473,0,30.3,31,2.354,128.855
7,0,7,0,754,690,0,19.1,68,38.849,141.568
6.8,0,9,0,711,534,0,19.4,12,36.964,3.634
6.5,0,7,0,650,247,0,28.7,33,-8.294,120.743
6.8,0,7,0,711,431,0,38.4,40.2,-4.694,153.238
7.6,0,7,0,889,551,0,0,24,18.77,-104.104
6.5,0,6,0,650,316,0,0,24,13.626,-90.774
7.3,0,6,0,820,457,0,0,33,-10.491,160.77
6.7,0,5,0,691,323,0,0,71.9,-5.311,153.701
6.7,0,6,0,691,453,0,0,34,-4.786,153.275
7.9,8,9,0,1750,0,0,0,4.2,63.5141,-147.453
7.4,0,7,0,842,418,0,0,30,2.824,96.085
6.6,0,7,0,670,0,0,0,4.2,63.5144,-147.912
6.7,0,7,0,691,250,0,0,10,-1.511,133.973
7.6,0,7,0,889,375,0,0,10,-1.757,134.297
6.5,0,6,0,650,646,0,0,21,13.036,93.068
7.6,0,7,0,889,428,0,0,13,-3.302,142.945
6.5,0,4,0,650,260,0,0,30,14.101,146.199
6.5,0,7,0,650,533,0,0,10,7.929,-82.793
6.5,0,8,0,650,555,0,0,10,35.626,49.047
6.6,0,7,0,670,420,0,0,54,-30.805,-71.124
6.7,0,5,0,691,272,0,0,33,-12.592,166.383
7.1,0,7,0,776,257,0,0,85.7,13.088,144.619
6.7,0,7,0,691,462,0,0,62,-27.535,-70.586
6.8,0,6,0,711,292,0,0,24.9,16.985,-100.865
7.1,0,6,0,776,550,0,0,32.8,24.279,122.179
6.5,0,5,0,650,486,0,0,125.1,-21.663,-68.329
7.5,0,7,0,865,321,0,0,31,6.033,124.249
7.4,0,5,0,842,138,0,0,225.6,36.502,70.482
6.6,0,6,0,670,444,0,0,39,-5.345,151.248
6.5,0,7,0,650,482,0,0,5,38.573,31.271
6.7,0,8,0,691,333,0,0,11,-3.212,142.427
6.6,0,6,0,670,386,0,0,10,-17.664,168.004
7.2,0,6,0,798,427,0,0,21,-17.6,167.856
6.8,0,7,0,711,385,0,0,16,-9.613,159.53
6.8,0,5,0,711,499,0,0,14,23.954,122.734
6.5,0,5,0,650,605,0,0,123.8,39.402,141.089
7.8,0,9,0,936,368,0,0,10,35.946,90.541
7,0,7,0,754,254,0,0,33,-5.912,150.196
7.5,0,6,0,865,234,0,0,33,-4.102,123.907
7,0,6,0,754,482,0,0,37,12.686,144.98
6.5,0,6,0,650,174,0,0,33,-0.578,133.13
6.6,6,6,0,754,0,0,0,131.8,58.775,-154.701
6.5,0,8,0,650,483,0,0,10,39.059,24.244
7.6,0,7,0,889,398,0,0,33,-17.543,-72.077
6.6,0,7,0,670,324,0,0,62,-16.086,-73.987
6.7,0,6,0,691,422,0,0,24,-17.745,-71.649
8.4,0,8,0,1086,518,0,0,33,-16.265,-73.641
6.7,0,6,0,691,282,0,0,17,-7.41,155.865
6.8,0,7,0,711,596,0,0,50,34.083,132.526
6.5,0,6,0,650,206,0,0,33,-4.029,128.02
6.8,7,7,0,1441,67,0,31,51.798,47.149,-122.727
7.1,0,7,0,776,426,0,0,35,1.271,126.249
7.4,0,6,0,842,221,0,0,36,-4.68,102.562
6.6,0,8,0,670,273,0,0,10,13.671,-88.938
7.7,0,9,0,912,472,0,0,16,23.419,70.232
6.9,0,6,0,732,117,0,0,28,-4.022,101.776
7.7,0,8,0,912,427,0,0,60,13.049,-88.66
6.9,5,7,0,745,0,0,0,36.4,56.7744,-153.281
7.1,0,7,0,776,372,0,0,103,-14.928,167.17
6.8,0,5,0,711,64,0,0,33,6.631,126.899
7.5,0,7,0,865,324,0,0,33,6.898,126.579
6.5,0,7,0,650,401,0,0,31,-4.218,152.725
7,0,7,0,754,495,0,0,30,39.566,54.799
6.5,0,6,0,650,268,0,0,33,40.167,49.954
6.8,0,6,0,711,446,0,0,50.4,40.245,49.946
6.8,0,6,0,711,402,0,0,33,-5.228,151.771
6.6,0,6,0,670,267,0,0,33,-5.097,153.181
7.8,0,7,0,936,346,0,0,33,-5.496,151.781
6.5,0,6,0,650,71,0,0,33,-4.827,153.226
7.8,0,7,0,936,294,0,0,30,-5.233,153.102
8,0,7,0,985,254,0,0,33,-3.98,152.169
6.5,0,7,0,650,462,0,0,17,7.042,-77.829
7,0,7,0,754,60,0,0,50,-4.766,153.945
6.8,0,6,0,711,415,0,0,38,-6.549,105.63
6.7,0,8,0,691,390,0,0,10,35.456,133.134
7,0,7,0,754,357,0,0,23,-15.421,166.91
6.5,0,6,0,650,415,0,0,34,-7.977,30.709
6.8,0,6,0,711,336,0,0,16,-4.11,127.394
6.5,0,6,0,650,481,0,0,45.8,18.198,-102.48
6.8,0,7,0,711,593,0,0,10,48.786,142.246
6.6,0,6,0,670,218,0,0,33,-12.037,166.448
6.5,0,7,0,650,428,0,0,10,33.901,139.376
6.6,0,5,0,670,367,0,0,10,-7.747,150.917
6.5,0,6,0,650,0,0,0,42.9,57.3546,-154.198
6.5,0,9,0,650,351,0,0,10,63.98,-20.758
7.9,0,5,0,960,405,0,0,10,-13.802,97.453
6.5,0,8,0,650,406,0,0,10,63.966,-20.487
6.7,0,5,0,691,352,0,0,33,-4.612,101.905
6.7,0,5,0,691,147,0,0,33,-4.646,102.102
7.9,0,8,0,960,379,0,0,33,-4.721,102.087
7.2,0,5,0,798,0,0,0,225,-23.548,-66.452
7.6,0,7,0,889,0,0,0,26,-1.105,123.573
6.6,0,8,0,670,0,0,0,10,-6.817,143.807
6.6,0,6,0,670,0,0,0,33,-5.844,150.876
6.8,0,6,0,711,0,0,0,61.1,43.046,146.837
7.2,0,6,0,798,0,0,0,183.4,-16.925,-174.248
6.9,0,6,0,732,0,0,0,33,-10.86,165.354
6.5,0,6,0,650,0,0,0,56,-6.845,105.555
7.3,0,7,0,820,0,0,0,33,15.766,119.74
7,0,7,0,754,0,0,0,43.6,57.3424,-154.347
6.6,0,5,0,670,0,0,0,128.1,-18.901,-69.171
7.5,0,7,0,865,0,0,0,33,-16.423,168.214
7,0,6,0,754,0,0,0,33,-6.351,148.763
6.9,0,6,0,732,0,0,0,47.5,-5.978,148.82
7.2,0,9,0,798,0,0,0,10,40.758,31.161
6.5,0,4,0,650,0,0,0,228.4,36.522,71.24
7.1,8,8,0,1576,73,0,57,13.73,34.6033,-116.265
7.5,0,8,0,865,0,0,0,60.6,16.059,-96.931
6.5,0,7,0,650,0,0,0,17,23.738,121.158
7.7,0,9,0,912,0,0,0,33,23.772,120.982
6.6,0,6,0,670,0,0,0,33,-16.117,168.039
6.9,0,6,0,732,0,0,0,20,9.044,-84.159
7.6,0,9,0,889,0,0,0,17,40.748,29.864
6.7,0,8,0,691,0,0,0,10,15.782,-88.33
7,0,7,0,754,0,0,0,70,18.386,-97.436
6.6,0,5,0,670,0,0,0,27,-5.165,152.877
7.1,0,7,0,776,0,0,0,73.7,-4.751,152.486
7.1,0,7,0,776,0,0,0,138,-5.159,150.88
6.8,0,5,0,711,0,0,0,164.2,-21.422,-176.46
7.4,0,7,0,842,0,0,0,150,-5.591,149.568
6.8,0,7,0,711,0,0,0,87.2,-16.66,-72.662
6.6,0,7,0,670,0,0,0,15,30.512,79.403
6.9,0,6,0,732,0,0,0,33,51.587,-177.668
6.9,0,5,0,732,0,0,0,56.6,52.056,159.52
7.1,0,6,0,776,0,0,0,33,5.397,121.937
6.6,0,7,0,670,0,0,0,33,28.343,57.193
7.3,0,7,0,820,0,0,0,90.1,-12.853,166.697
6.6,0,6,0,670,0,0,0,67.2,52.886,-169.123
7,0,7,0,754,0,0,0,114.1,-4.596,153.235
6.8,0,5,0,711,0,0,0,144.3,-21.632,-176.376
7.7,0,7,0,912,0,0,0,33,-2.071,124.891
7,0,7,0,754,0,0,0,33,-6.92,128.946
6.7,0,6,0,691,0,0,0,33,-6.954,129.022
6.6,0,5,0,670,0,0,0,151.6,-8.194,112.413
6.6,0,6,0,670,0,0,0,27,-29.45,-71.715
6.8,0,5,0,711,0,0,0,50,5.41,126.764
7.2,0,7,0,798,0,0,0,33,-0.593,-80.393
6.7,0,6,0,691,0,0,0,33,-2.693,138.901
7,0,7,0,754,0,0,0,10,-2.961,141.926
7,0,7,0,754,0,0,0,110.2,-11.04,166.16
6.6,0,6,0,670,0,0,0,33,37.106,70.11
6.6,0,8,0,670,0,0,0,24,-17.731,-65.431
6.7,0,6,0,691,0,0,0,33,0.207,119.584
6.6,0,6,0,670,0,0,0,61.4,-5.147,151.714
7.5,0,5,0,865,0,0,0,33,22.306,125.308
6.6,0,5,0,670,0,0,0,164.6,-8.148,-74.238
7,0,6,0,754,0,0,0,55.7,-0.544,99.261
6.6,0,8,0,670,0,0,0,9,30.154,57.605
7.1,0,7,0,776,0,0,0,42,-23.913,-70.207
6.7,0,6,0,691,0,0,0,23.4,-15.848,-179.376
6.6,0,7,0,670,0,0,0,34.8,-30.985,-71.41
6.6,0,6,0,670,0,0,0,33,14.374,-91.473
7.2,0,6,0,798,0,0,0,179.3,-5.495,147.867
7.8,0,7,0,936,0,0,0,33,54.841,162.035
7,0,6,0,754,0,0,0,24,1.241,122.536
6.6,0,7,0,670,0,0,0,33,37.57,20.656
7,0,6,0,754,0,0,0,123.1,-15.145,167.375
6.5,0,4,0,650,0,0,0,176.4,13.849,-88.808
7.5,0,7,0,865,0,0,0,33,35.069,87.325
7.2,0,7,0,798,0,0,0,112,-4.368,-76.681
7.1,0,7,0,776,0,0,0,58,-30.933,-71.22
7.8,0,7,0,936,0,0,0,167.3,-22.101,-176.772
6.5,0,5,0,650,0,0,0,105.6,9.79,125.779
6.8,0,5,0,711,0,0,0,198.7,3.849,-75.749
6.6,0,6,0,670,0,0,0,22.8,-3.562,144.362
6.9,0,6,0,732,0,0,0,33,16.333,-98.216
7,0,8,0,754,0,0,0,19.9,10.598,-63.486
6.8,0,6,0,711,0,0,0,19,-30.058,-71.872
6.5,0,6,0,650,0,0,0,70,18.684,-101.604
6.8,0,6,0,711,0,0,0,57,-20.438,169.287
6.5,0,4,0,650,0,0,0,196,36.411,70.945
7.3,0,9,0,820,0,0,0,10,33.825,59.809
6.5,0,6,0,650,0,0,0,100.8,13.986,144.901
6.7,0,7,0,691,0,0,0,5,11.112,-60.892
7.7,0,6,0,912,0,0,0,33,-12.584,166.676
6.5,0,6,0,650,0,0,0,69.1,-6.485,147.408
6.9,0,5,0,732,0,0,0,10,7.742,127.647
7.1,0,6,0,776,0,0,0,33,29.976,68.208
6.5,0,8,0,650,0,0,0,10,37.661,57.291
7.2,0,7,0,798,0,0,0,33,18.219,-102.756
6.5,0,4,0,650,0,0,0,226.5,43.207,138.92
6.7,0,6,0,691,0,0,0,49.2,31.789,131.314
6.9,0,7,0,732,0,0,0,33,35.345,78.133
7.7,0,7,0,912,0,0,0,33,-14.993,-75.675
6.7,0,7,0,691,0,0,0,22,31.885,131.468
6.6,0,7,0,670,0,0,0,10,30.568,131.093
6.8,0,6,0,711,0,0,0,24,-7.133,155.568
6.8,0,6,0,711,0,0,0,33,34.556,32.126
6.6,0,6,0,670,0,0,0,33,9.454,126.334
6.6,0,6,0,670,0,0,0,33,9.463,126.284
6.8,0,6,0,711,0,0,0,20,21.898,121.498
6.9,0,6,0,732,0,0,0,33,-10.769,161.445
7,0,6,0,754,0,0,0,33,1,120.45
6.6,0,6,0,670,0,0,0,33,1.016,120.254
6.8,0,6,0,711,0,0,0,18.3,17.6,-100.965
7.9,0,4,0,960,0,0,0,587.3,-7.137,122.589
7.1,0,6,0,776,0,0,0,33,12.614,125.154
7.3,0,7,0,820,0,0,0,26.3,51.478,-176.847
7.9,0,7,0,960,0,0,0,33,51.564,-177.632
6.7,0,4,0,691,0,0,0,200.1,-13.481,167.13
7.2,0,6,0,798,0,0,0,44,-6.518,154.999
6.6,0,7,0,670,0,0,0,49.5,-23.944,-70.093
6.7,0,5,0,691,0,0,0,164.4,-14.705,167.297
6.7,0,6,0,691,0,0,0,33,11.905,-86.772
6.6,0,6,0,670,0,0,0,33,11.657,-86.856
7.1,0,7,0,776,0,0,0,21.1,15.978,-98.07
7.5,0,6,0,865,0,0,0,10,-9.593,-79.587
6.5,0,6,0,650,0,0,0,31.9,-0.917,136.225
6.5,0,6,0,650,0,0,0,19.2,-0.567,135.84
8.09,0,8,0,1007,0,0,0,33,-0.891,136.952
6.7,0,4,0,691,0,0,0,40.8,37.353,142.38
7.2,0,6,0,798,0,0,0,42.6,45.324,149.892
6.6,0,10,0,670,0,0,0,11.1,27.291,100.276
6.6,0,7,0,670,0,0,0,33,53.826,159.586
7.9,0,8,0,960,0,0,0,24,0.729,119.931
7.1,0,6,0,776,0,0,0,141.9,-6.903,129.151
6.5,0,6,0,650,0,0,0,63.4,-3.703,140.233
7.9,0,6,0,960,0,0,0,33,44.663,149.3
7.2,0,9,0,798,0,0,0,10,28.826,34.799
6.7,0,7,0,691,0,0,0,19.9,-28.906,-71.417
7.2,0,6,0,798,0,0,0,159.3,16.84,-93.469
6.8,0,6,0,711,0,0,0,19.7,28.094,130.148
7.1,0,6,0,776,0,0,0,28.4,27.929,130.175
8,0,8,0,985,0,0,0,33,19.055,-104.205
6.8,0,7,0,711,0,0,0,33,-2.045,101.436
6.5,0,7,0,650,0,0,0,16.7,-2.778,-77.851
7,0,7,0,754,0,0,0,24.4,-2.75,-77.881
6.5,0,5,0,650,0,0,0,59.9,-10.68,-78.581
7.4,0,7,0,842,0,0,0,23,16.779,-98.597
6.6,0,5,0,670,0,0,0,12.2,26.092,-110.284
6.6,0,6,0,670,0,0,0,119.6,5.139,-75.577
7.2,0,6,0,798,0,0,0,33,-5.771,154.347
6.6,0,4,0,670,0,0,0,18.7,-5.429,153.773
7.7,0,6,0,912,0,0,0,30.1,-5.799,154.178
6.7,0,6,0,691,0,0,0,127.9,-4.836,151.515
8,0,8,0,985,0,0,0,45.6,-23.34,-70.294
6.8,0,8,0,711,0,0,0,12.5,21.966,99.196
6.6,0,5,0,670,0,0,0,139.4,-19.544,169.287
6.5,0,7,0,650,0,0,0,14.2,38.401,22.283
7.1,0,9,0,776,0,0,0,11,52.629,142.827
7.7,0,4,0,912,0,0,0,20.2,-23.008,169.9
6.9,0,6,0,732,0,0,0,11.2,-8.378,125.127
6.6,0,9,0,670,0,0,0,14,40.149,21.695
7.1,0,7,0,776,0,0,0,16,12.626,125.297
